{"cameraMode":{"drawMode":0,"name":"Shaded","section":"Shading Mode"},"sceneLighting":true,"audioPlay":false,"sceneViewState":{"showFog":true,"showMaterialUpdate":false,"showSkybox":true,"showFlares":true,"showImageEffects":true,"showParticleSystems":true},"in2DMode":false,"pivot":{"x":20.361326217651368,"y":11.627900123596192,"z":-4.058237075805664},"rotation":{"x":-0.0005967658362351358,"y":0.9985436797142029,"z":-0.05338367819786072,"w":-0.010866581462323666},"size":8.255520820617676,"orthographic":false}