{"cameraMode":{"drawMode":0,"name":"Shaded","section":"Shading Mode"},"sceneLighting":true,"audioPlay":false,"sceneViewState":{"showFog":true,"showMaterialUpdate":false,"showSkybox":true,"showFlares":true,"showImageEffects":true,"showParticleSystems":true},"in2DMode":false,"pivot":{"x":24.76049041748047,"y":10.510599136352539,"z":-10.778152465820313},"rotation":{"x":0.0006888242205604911,"y":0.9951665997505188,"z":-0.09825312346220017,"w":0.007084110751748085},"size":10.992364883422852,"orthographic":false}