{"cameraMode":{"drawMode":0,"name":"Shaded","section":"Shading Mode"},"sceneLighting":true,"audioPlay":false,"sceneViewState":{"showFog":true,"showMaterialUpdate":false,"showSkybox":true,"showFlares":true,"showImageEffects":true,"showParticleSystems":true},"in2DMode":false,"pivot":{"x":22.273990631103517,"y":13.208215713500977,"z":-30.718172073364259},"rotation":{"x":0.6921019554138184,"y":-0.0010826681973412634,"z":0.0010381384054198862,"w":0.7217987179756165},"size":14.2210054397583,"orthographic":true}