{"cameraMode":{"drawMode":0,"name":"Shaded","section":"Shading Mode"},"sceneLighting":true,"audioPlay":false,"sceneViewState":{"showFog":true,"showMaterialUpdate":false,"showSkybox":true,"showFlares":true,"showImageEffects":true,"showParticleSystems":true},"in2DMode":false,"pivot":{"x":12.993815422058106,"y":22.68625259399414,"z":-77.26800537109375},"rotation":{"x":-0.00007828279922250658,"y":0.9994630813598633,"z":-0.002396455965936184,"w":-0.03269784897565842},"size":40.38955307006836,"orthographic":false}