{"cameraMode":{"drawMode":0,"name":"Shaded","section":"Shading Mode"},"sceneLighting":true,"audioPlay":false,"sceneViewState":{"showFog":true,"showMaterialUpdate":false,"showSkybox":true,"showFlares":true,"showImageEffects":true,"showParticleSystems":true},"in2DMode":false,"pivot":{"x":29.98604965209961,"y":13.375813484191895,"z":-80.5118637084961},"rotation":{"x":0.0007316330447793007,"y":-0.9973748922348023,"z":-0.010183818638324738,"w":-0.07268566638231278},"size":44.82476806640625,"orthographic":false}