{"cameraMode":{"drawMode":0,"name":"Shaded","section":"Shading Mode"},"sceneLighting":false,"audioPlay":false,"sceneViewState":{"showFog":true,"showMaterialUpdate":false,"showSkybox":true,"showFlares":true,"showImageEffects":true,"showParticleSystems":true},"in2DMode":false,"pivot":{"x":16.599689483642579,"y":36.1702995300293,"z":-61.362396240234378},"rotation":{"x":0.5148220658302307,"y":0.48512259125709536,"z":-0.5050294399261475,"w":0.494529664516449},"size":38.759681701660159,"orthographic":true}