{"cameraMode":{"drawMode":0,"name":"Shaded","section":"Shading Mode"},"sceneLighting":true,"audioPlay":false,"sceneViewState":{"showFog":true,"showMaterialUpdate":false,"showSkybox":true,"showFlares":true,"showImageEffects":true,"showParticleSystems":true},"in2DMode":false,"pivot":{"x":-144.17750549316407,"y":49.323448181152347,"z":75.7986068725586},"rotation":{"x":-0.18213678896427155,"y":0.7016554474830627,"z":-0.19328995048999787,"w":-0.6611695289611816},"size":86.37621307373047,"orthographic":false}