{"cameraMode":{"drawMode":0,"name":"Shaded","section":"Shading Mode"},"sceneLighting":false,"audioPlay":false,"sceneViewState":{"showFog":true,"showMaterialUpdate":false,"showSkybox":false,"showFlares":true,"showImageEffects":true,"showParticleSystems":true},"in2DMode":false,"pivot":{"x":1.1525002717971802,"y":1.6476716995239258,"z":2.0561249256134035},"rotation":{"x":-0.708291232585907,"y":0.011643091216683388,"z":-0.011685467325150967,"w":-0.7057307958602905},"size":2.1250176429748537,"orthographic":false}