{"cameraMode":{"drawMode":0,"name":"Shaded","section":"Shading Mode"},"sceneLighting":true,"audioPlay":false,"sceneViewState":{"showFog":true,"showMaterialUpdate":false,"showSkybox":true,"showFlares":true,"showImageEffects":true,"showParticleSystems":true},"in2DMode":false,"pivot":{"x":-104.11659240722656,"y":122.25220489501953,"z":-212.6274871826172},"rotation":{"x":-0.19146312773227693,"y":0.19925029575824738,"z":-0.03972877934575081,"w":-0.96024090051651},"size":2.666025161743164,"orthographic":false}